vehicle_id,location,mean_speed,std_speed,mean_acc,std_acc,mean_headway,min_headway,mean_th,min_th,th_frac_critical,mean_delta_v,max_delta_v,lat_std,cmv_flag,near_miss
9,lankershim,13.430178236800002,8.264010324669707,0.6623999999999998,4.477043284515862,49.2432,21.53,7.715,0.84,0.58,27.3,761.2,15.070563911676244,0,1
10,lankershim,18.884313146,9.472791651718998,0.7228,3.9817533006125294,60.8886,21.71,2.6548,1.56,0.82,4.964000000000001,117.00000000000004,12.611652616706891,0,0
14,lankershim,22.7258121216,10.58206609333963,0.5794000000000001,4.566462664394194,78.36519999999997,26.33,10.729,0.85,0.64,37.91000000000001,360.4000000000001,13.763930454841535,0,1
17,lankershim,9.8654973692,8.469274893895104,1.1054,4.932310056129472,85.1304,23.25,14.896999999999998,1.12,0.3,41.33199999999999,1246.8,22.306339273070023,0,1
19,lankershim,11.2844969908,7.601596016548112,-0.1598,4.610189464431931,44.4898,27.5,13.707,1.39,0.6,9.244,153.6,4.297407479931525,0,1
19,lankershim,15.080450524000003,9.658258045768465,0.3404,3.596022723589414,44.528,27.5,25.703199999999995,1.29,0.76,12.32,153.6,4.917012354082922,0,1
19,lankershim,20.359358207200003,10.165345995065133,-0.2902,5.095288536020911,51.581,35.92,18.3176,0.93,0.84,19.184,356.6,5.794551488163652,0,1
24,lankershim,18.1183588048,6.811056813447377,0.0859999999999999,4.061649911058312,71.5484,25.86,3.5444,1.28,0.44,19.518,445.80000000000007,9.773867865958923,0,1
30,lankershim,15.5589503964,8.544346268954651,-0.0392,4.332544070456638,44.5142,22.17,6.274399999999999,1.08,0.82,34.998,686.0,6.240799241593784,0,1
36,lankershim,19.866812884,9.908641753687338,0.4744,5.071936859840044,79.374,18.91,4.7558,0.75,0.62,30.814,637.0999999999999,19.857230037383136,0,1
37,lankershim,20.382540019200004,9.523961091654488,0.8639999999999999,4.281677146127842,67.45819999999999,23.84,3.637,1.54,0.88,34.51399999999999,824.5999999999998,10.08740127390679,0,0
37,lankershim,20.879994432000004,9.737103711154449,0.2860000000000001,5.1885313088442615,103.1344,30.97,4.279399999999999,0.81,0.56,137.94600000000003,2319.3,6.842439837678144,0,1
38,lankershim,18.8708131496,7.614990349341137,0.7054,3.999413839705075,54.537600000000005,26.97,5.041600000000001,1.25,0.88,15.620000000000005,225.6,15.053090675339732,0,1
40,lankershim,23.0404029468,7.117422012207514,-0.6205999999999998,4.636819991400686,101.28059999999998,32.09,3.3306,1.79,0.66,66.85,917.2000000000002,25.9795194286278,0,0
53,lankershim,16.5905410304,11.924541465621733,0.839,4.463624522465014,71.8702,23.83,34.4532,1.37,0.54,138.06199999999998,3637.4,13.23237746113213,0,1
57,lankershim,23.087857479600004,6.023762518540628,0.2457999999999999,4.965176318878416,77.8334,29.35,2.449,0.98,0.7,45.086000000000006,605.5,32.64680279391686,0,1
59,lankershim,21.068858018000004,7.583254569689028,-1.1476,5.548359036688235,86.27759999999998,24.77,3.157,1.28,0.66,105.07,1269.9,17.480542520757187,0,1
61,lankershim,20.762312645200005,11.37172647973628,0.7417999999999999,4.591777784746317,102.1268,24.36,21.216000000000005,1.11,0.6,48.942,1853.2,16.38142547862782,0,1
65,lankershim,24.830993378399995,6.788174602023757,0.3588000000000001,7.5082625615968945,73.3236,3.69,1.99,0.14,0.92,116.036,2535.4,17.943211532680838,0,1
65,lankershim,23.8708572708,6.063492655080518,1.7614,4.827390392334144,67.101,3.69,1.8796,0.14,0.94,106.06400000000002,2535.4,11.843789411935932,0,1
66,lankershim,21.5296306224,3.780714263990363,-0.6988,5.630954042484402,62.75999999999999,26.69,2.0128,1.03,0.94,30.202,354.1,22.881741697622903,0,1
67,lankershim,25.4300386732,9.422385325961164,1.0377999999999998,4.599524948850918,191.1538,31.33,9.0182,0.61,0.74,1004.314,12121.5,21.16788643706908,0,1
68,lankershim,20.8114035412,7.8079304213388,0.8855999999999998,5.624825860343028,98.24519999999998,33.18,4.0314,0.91,0.68,308.612,12802.8,18.74690913723091,0,1
69,lankershim,22.1275850084,7.708305211922774,1.3396,6.106455587059869,104.6704,34.32,3.65,1.44,0.78,86.57599999999998,1602.8,19.282365899421773,0,1
71,lankershim,21.3276761308,12.27313025553625,1.1252,5.47851694515654,68.007,22.98,13.513800000000002,0.89,0.72,125.404,1191.5,31.620442998845935,0,1
71,lankershim,21.655903316000003,10.90532604669747,1.1002,4.561692976990727,81.56500000000001,22.98,12.7816,0.89,0.68,180.92,1311.1,32.583220072069274,0,1
71,lankershim,22.4116303872,8.68062623579901,0.3912,5.179500267439723,58.12040000000001,20.63,6.692800000000001,0.93,0.9,66.312,590.0999999999999,36.22422239771029,0,1
72,lankershim,23.988539057600004,6.722265326714468,0.0279999999999999,4.578858693907851,67.97399999999999,40.54,2.0474,1.13,0.92,11.597999999999995,332.2999999999999,13.77504888970916,0,1
73,lankershim,23.075857482800004,11.100773789782563,-1.7861999999999998,6.494806682014076,110.72959999999998,21.07,5.232200000000001,1.14,0.42,102.478,1543.2999999999995,34.4342871023422,0,1
74,lankershim,26.1713112028,5.43530231052493,-0.3879999999999999,6.365636701245594,152.15399999999997,36.32,3.9055999999999993,0.8,0.56,211.114,7622.199999999999,26.19934354548384,0,1
76,lankershim,24.238902627200005,13.877081663284224,-0.7604,5.524047599138789,117.2196,39.32,2.397,0.0,0.86,10.734000000000004,338.5,20.537170602026336,0,1
77,lankershim,23.903993625600005,9.217176960583751,-0.9982,6.6573024781599255,89.79199999999999,21.14,2.9886,0.84,0.78,53.45399999999999,722.8,21.856466459972857,0,1
77,lankershim,24.9972206068,5.103753248790218,-0.3411999999999999,5.588975168004545,57.0052,26.94,1.5966,0.88,0.96,40.88400000000001,588.4000000000001,26.235926967548348,0,1
78,lankershim,26.68212924840001,7.600340422678731,0.7358,4.455181386169756,105.7848,31.91,2.6616000000000004,1.11,0.72,2.676000000000002,120.49999999999996,15.267505329600764,0,1
81,lankershim,21.8939941616,9.679801748196493,1.6839999999999995,6.898231065768578,71.094,23.85,2.563,0.9,0.76,19.356,717.1000000000001,28.030762639562813,0,1
81,lankershim,23.420584663600003,6.702687515912704,0.6396000000000001,4.480042346738637,81.4584,38.8,2.4784,1.63,0.86,33.486,832.5999999999999,26.501541547192137,0,0
82,lankershim,22.0844941108,10.095087489698576,-0.4347999999999999,5.582915718365032,133.546,33.46,6.6766,1.42,0.64,0.6779999999999973,33.899999999999864,42.86322993884389,0,1
82,lankershim,21.4306306488,9.258856289854329,1.3096,4.410876612397576,75.96300000000001,33.46,5.0172,1.37,0.8,47.996,582.8999999999999,35.63994756829786,0,1
83,lankershim,27.414810871200004,8.112104538433364,-0.3506,6.45393043036567,189.6554,57.36,5.1442,1.89,0.32,167.89,3011.9,19.639375760643592,0,0
84,lankershim,24.4079934912,9.185129248065577,1.619,5.13560450905922,129.3236,35.42,5.2856000000000005,1.0,0.68,25.874,398.30000000000007,23.53445271295611,0,1
84,lankershim,22.217721348,9.239937729083342,0.8804,3.5489917855466437,70.66019999999999,35.42,2.4582,1.0,0.76,53.32200000000001,519.5,23.16278487891598,0,1
84,lankershim,26.039311238,6.463975635411603,0.5664,4.333683807909707,97.6996,63.54,2.7124,1.24,0.66,32.916,477.4000000000001,22.081014190965792,0,1
85,lankershim,18.9623131252,6.286417951891992,-0.2359999999999998,4.524176777072717,75.3848,27.57,2.7438,1.15,0.78,9.716,478.3,11.549998155331595,0,1
85,lankershim,21.9814032292,11.957998250617235,-0.7974,6.329823420176289,108.3758,24.23,3.729,1.13,0.5,164.55800000000002,3366.3,12.169119548266425,0,1
87,lankershim,22.397039482,7.290412356536068,-0.2175999999999999,4.470950481058992,316.4038,19.0,9.6492,1.18,0.64,469.25200000000007,10664.7,28.22833894109005,0,1
88,lankershim,23.649266420800004,5.773639306659284,0.7562000000000001,5.571091158281073,240.3506,31.95,6.892799999999999,0.98,0.5,360.18800000000005,7818.000000000001,11.83901424855765,0,1
89,lankershim,18.9096767756,8.991245992134854,0.2236,4.334942863827972,79.61320000000002,20.92,2.846,1.23,0.68,103.67400000000002,1639.8000000000002,25.425404929851933,0,1
91,lankershim,26.366447514400008,7.438751121875247,0.3298,6.658944112535977,78.1358,33.88,1.9740000000000004,0.97,1.0,80.33,1070.6,23.262799902550903,0,1
91,lankershim,23.9562208844,7.423199322364731,-0.1635999999999999,6.163146479730321,65.2348,38.46,1.8958,1.19,1.0,40.04800000000001,939.6,18.52737909369894,0,1
92,lankershim,23.637130060400004,6.732993213689513,-0.2496,5.724238817591063,75.38780000000001,22.35,3.1708,0.96,0.8,12.321999999999996,221.99999999999997,17.850088660569842,0,1
95,lankershim,19.462358446400003,12.387636995766382,0.3243999999999999,5.321762850478654,107.7896,26.11,3.2766,0.0,0.74,193.164,2020.4,17.71982020870922,0,1
96,lankershim,22.9900847784,8.208442268767099,-0.2179999999999999,5.346430432292834,73.79759999999999,26.16,2.4498,0.67,0.76,217.502,3158.6000000000004,26.068409849784214,1,1
96,lankershim,19.458540265600003,8.329218324719879,0.1641999999999999,5.834637631054244,50.12179999999999,23.73,2.6714,1.11,0.86,43.442,567.4,17.41025437266258,1,1
104,lankershim,21.846266901600004,7.281330076019475,1.3905999999999998,4.947997908863993,140.5932,25.3,4.9042,2.11,0.56,137.00599999999997,3488.9,28.47224545598964,0,0
104,lankershim,24.394766222,4.902111902066905,1.0628000000000002,5.599347279744637,191.7624,30.35,5.5812,0.75,0.52,126.742,3488.9,18.65320487021477,0,1
106,lankershim,21.330130675600003,6.047765598216751,0.983,6.506382815892313,61.196200000000005,22.1,2.3646000000000003,1.22,0.9,37.963999999999984,367.69999999999993,14.403822507166602,0,1
107,lankershim,21.752721472,3.934701984766364,-0.0008,4.384231876036798,116.5822,30.0,3.633,0.88,0.58,276.99600000000004,6881.1,15.832808599569823,1,1
108,lankershim,23.8437209144,3.830201243874314,-0.6214,5.5617461690533485,80.14880000000001,36.36,2.2336,1.18,0.88,9.151999999999996,208.2,11.429347273665318,0,1
110,lankershim,20.6547217648,6.336987456972785,0.381,5.203093761780345,67.66239999999999,10.57,2.3800000000000003,0.42,0.78,38.956,781.2,19.761785239534134,0,1
111,lankershim,18.554176870400003,8.590741593932204,-0.7731999999999999,5.310173693304319,59.463,21.22,7.834200000000001,1.28,0.84,33.222,395.4000000000001,22.92954523788744,1,1
112,lankershim,18.294404212400003,8.567522729276044,-0.6914,4.965536331679036,52.923,27.35,5.4636000000000005,0.0,0.84,10.377999999999997,140.09999999999997,22.264249144522875,1,1
112,lankershim,19.925449232,9.074818444062023,0.4016,3.60678292970908,63.2644,37.99,2.1934,0.0,0.9,44.348,1667.8,20.36523409627099,1,1
112,lankershim,22.9180847976,10.414079005572384,-0.8366,3.75479590466836,78.464,22.25,2.5364,0.0,0.8,54.732,1667.8,9.373402733178988,1,1
113,lankershim,22.2344940708,7.809010285560548,1.9594,5.613429018606967,98.2194,26.54,3.4765999999999995,0.75,0.68,150.426,2948.4,44.67832387962025,0,1
113,lankershim,24.0554935852,5.406121227570351,-0.3308,6.44188742781594,151.12619999999998,26.29,4.905200000000001,0.73,0.6,493.76200000000006,5561.800000000001,39.4037246247569,0,1
113,lankershim,24.888402454,7.112946306367611,-1.7314,5.98424394147,134.594,26.29,4.5058,0.73,0.78,345.54,5561.800000000001,20.71029042258353,0,1
114,lankershim,17.8707225072,10.613863233265118,-0.0088,5.986268177577543,78.045,23.67,15.0538,1.39,0.74,46.628,709.4,27.292083706093383,0,1
117,lankershim,22.280312240400004,7.057566682049333,-0.3945999999999998,5.460593602328955,63.19600000000001,28.48,2.2174,0.75,0.96,3.922,123.29999999999998,29.11585475977384,0,1
120,lankershim,20.4747218128,9.877221658098096,-0.2202,4.717071683291035,62.8414,26.9,2.7850000000000006,0.67,0.7,45.694,1413.2999999999995,12.978745084536785,0,1
122,lankershim,21.8948123432,8.287923911431385,0.2662,5.450669268024593,123.7422,36.59,4.8912,1.29,0.64,80.738,2450.0,38.15268109144775,0,1
122,lankershim,20.6428581316,7.085584973849399,0.8712000000000001,5.113658636735662,110.1398,25.94,4.900600000000001,1.29,0.66,138.35,2450.0,37.59234540312912,0,1
122,lankershim,21.0100853064,8.759182410208536,-0.2729999999999999,5.297155667267605,64.2794,25.94,2.6536,1.05,0.78,76.55,772.2,11.505637831896829,0,1
123,lankershim,20.735721743200003,6.247378085669859,0.164,5.919080527050995,58.79960000000001,35.48,2.2208,1.11,0.9,5.748000000000002,151.4,11.450320495808608,0,1
123,lankershim,22.1451759128,10.437332870619958,-0.8194,5.610269886920025,62.8708,29.13,3.0866,1.41,0.86,22.484,430.9,7.467076831652124,0,1
124,lankershim,25.9719476196,9.177593773441746,-0.9792,4.842414998779861,90.55839999999998,0.87,2.8102,0.02,0.66,42.56799999999999,725.1999999999999,23.1901333659426,0,1
124,lankershim,20.2964945876,5.738694288730565,-0.5614000000000001,3.4767660378047665,91.2016,36.75,3.2958000000000003,1.4,0.48,36.23199999999999,725.1999999999999,17.398031762993263,0,1
125,lankershim,22.1089031952,8.946073817947392,-1.4818,5.59615673147789,84.27860000000001,33.09,5.7686,1.57,0.74,47.16,695.9000000000001,11.439347084336516,0,0
126,lankershim,18.7839495364,8.122901969688874,-0.4873999999999999,7.403690422860144,70.029,33.53,2.4862,1.34,0.8,12.50200000000001,224.3,26.458230857210943,0,1
126,lankershim,21.5530851616,9.598189020972123,-0.2532000000000002,4.846146560907533,53.1204,25.62,4.393,1.08,0.84,38.72800000000001,444.80000000000007,39.05490378593935,0,1
127,lankershim,25.72158405,8.036129989024854,0.0429999999999999,5.736717133464727,95.961,32.09,2.694,1.27,0.64,126.026,1425.6,25.81492235771981,0,1
127,lankershim,21.8260850888,7.335533525181908,1.0162,5.686226068136861,100.8514,16.74,3.1526000000000005,1.36,0.62,181.97,2335.6,31.72353676785791,0,1
127,lankershim,20.287630953600004,8.822541494147327,0.8245999999999999,5.157431020837203,80.6674,16.74,3.4948,1.36,0.7,95.38,2335.6,30.352982235728486,0,1
128,lankershim,25.2563114468,7.419099558179223,-0.0316000000000001,5.232228369852152,92.3044,29.45,2.3872,0.85,0.9,156.58800000000002,3731.3,18.30930094359873,0,1
128,lankershim,20.612039958,8.395114720125239,-0.0986,3.4121152754649464,71.0644,6.34,2.639,0.21,0.84,47.084,769.8,7.801158104109038,0,1
129,lankershim,24.453675297200007,8.316123879131302,-1.933,6.263926280615026,90.268,32.34,3.1615999999999995,1.34,0.76,107.866,1995.8,35.44439639141043,0,1
130,lankershim,18.71535864560001,7.561010463217152,0.322,5.792491269051755,53.7746,30.86,2.2896,1.01,0.86,14.296000000000005,188.9,26.889437227897893,1,1
130,lankershim,18.4570859872,6.507731343121005,1.4838,4.856693210279553,54.5348,21.79,2.5414000000000003,0.74,0.88,22.594000000000005,346.4,31.729925832293677,1,1
130,lankershim,20.81713081240001,9.751284730826264,0.6753999999999999,4.506658208038594,70.1966,21.79,7.677399999999999,0.74,0.78,75.534,2703.8,25.410602876302303,0,1
131,lankershim,25.4412204884,8.014676692471483,0.1042,5.910871371240195,138.6698,36.77,4.6226,1.07,0.94,338.99799999999993,16200.4,30.76411624500737,0,1
133,lankershim,22.863402994,6.034173534162087,2.525,5.9834070732385936,140.2034,24.6,4.443,0.77,0.62,177.49400000000003,4451.2,29.939067864076797,0,1
134,lankershim,20.599494506800003,6.13550847921111,0.3298,4.922341607198669,70.1828,16.96,3.1796,0.46,0.76,30.656,512.5,37.58871730415164,0,1
136,lankershim,20.518630892,6.94088031277043,1.6924,5.451251704228778,60.03679999999999,30.55,2.5746,0.95,0.9,58.396,1114.4,20.78602237985705,0,1
136,lankershim,16.652177377599997,6.079459884654817,0.3169999999999999,4.489696708087557,81.6244,24.69,6.821000000000001,0.95,0.74,118.958,2107.0,20.1232531547512,0,1
136,lankershim,13.460178228800002,9.71137296230898,-0.5044000000000001,4.534964464455874,84.80720000000001,24.69,13.8856,1.26,0.46,263.30400000000003,2480.4,19.31965517528294,0,1
136,lankershim,17.5283135076,12.653457327073887,-0.8270000000000001,4.9406713788178,59.1018,22.98,11.262,1.1,0.58,173.08800000000002,2480.4,19.360417427202087,0,1
138,lankershim,22.5958576108,8.340420315952109,-1.6183999999999998,7.333888730978084,102.635,25.71,3.282,1.53,0.44,61.86200000000001,672.9000000000001,28.83421547296241,0,0
138,lankershim,22.435494017200003,8.032985141314857,-0.6750000000000002,5.133429155833281,99.8636,25.71,3.2152,1.92,0.5,44.994,672.9000000000001,25.47648684220052,0,0
140,lankershim,21.2960397756,5.922477488489773,1.7216,5.824944726023114,101.94499999999998,28.81,3.1672,1.09,0.42,68.24199999999999,956.9,18.046541774929786,0,1
142,lankershim,18.2919496676,11.651450360097392,-0.317,7.061419250882551,185.28760000000003,17.57,12.862600000000002,1.32,0.42,4.927999999999978,80.59999999999945,15.425131954570707,0,1
142,lankershim,21.8558123536,11.828727502035573,1.171,4.851696210857496,210.529,28.81,6.648399999999999,1.73,0.44,368.0539999999999,8433.3,14.990267237941357,0,0
143,lankershim,21.8241759984,6.72016766645959,-1.7416,5.91428204278699,144.2878,23.57,4.6156,0.73,0.54,304.742,4178.0,11.257866192514966,0,1
146,lankershim,24.9820842472,9.113222147922116,1.1088,5.882503853958511,71.7176,2.23,2.301400000000001,0.04,0.9,72.414,734.9,15.9137557327115,0,1
148,lankershim,19.970449220000003,5.752178107527838,-0.7714,5.239161021011058,70.47919999999999,28.29,2.6382,1.6,0.8,10.208000000000002,264.29999999999995,32.48920857055808,0,0
149,lankershim,21.7018578492,8.004720322148863,-0.8742000000000002,6.714022210634841,59.1934,1.02,2.8966000000000003,0.03,0.9,20.572,468.7,32.58930990811783,0,1
149,lankershim,21.6823578544,8.233205024122535,-0.8939999999999998,6.113757654099582,60.029,1.02,2.059,0.03,0.96,43.154,1054.0,34.35079344136057,0,1
150,lankershim,21.938857786000003,7.858581587473294,-0.1083999999999999,4.9051690187027015,82.8908,27.55,2.7634,1.64,0.76,54.142,1562.1,13.553675715330012,1,0
150,lankershim,19.6810856608,7.39545059831327,0.5407999999999998,3.949820373079241,66.10700000000001,33.19,3.1182000000000003,1.5,0.76,43.458,990.7,16.345981901335126,0,0
151,lankershim,23.4458119296,9.208860893518189,1.4469999999999998,4.360524799907948,77.2094,37.78,2.3592,1.51,0.86,55.56,1364.5,16.321055325835385,0,0
152,lankershim,18.405813273600003,6.156647148727105,-0.0688000000000002,5.4646386963487945,71.37799999999999,32.01,3.059400000000001,1.5,0.72,34.658,624.6000000000001,17.413573670852404,0,0
154,lankershim,21.3587670316,5.997077650139072,0.883,5.847940593377593,97.8496,27.19,3.4836,1.39,0.52,135.14600000000002,1548.5,36.10687407179312,0,1
154,lankershim,20.552039974,11.881600065752956,-0.8634000000000002,5.587740447275843,69.55000000000001,31.41,3.8602,1.44,0.66,52.066,603.1,28.81038859612261,0,1
155,lankershim,20.500630896800004,7.443718449569507,0.6904,5.647869007557683,115.2584,39.24,4.9726,1.48,0.66,430.068,5916.799999999999,21.489041185968368,0,1
156,lankershim,24.6734934204,7.328536112146136,-0.54,4.993790021167309,61.8258,26.58,1.8098,1.17,0.98,4.8540000000000045,114.30000000000008,20.96778818334525,0,1
157,lankershim,22.3242213196,9.636079789773644,0.0322,5.574675716751494,61.04540000000001,26.33,2.1994,0.79,0.92,10.514000000000005,236.4,20.773581091072067,0,1
158,lankershim,21.434448829600004,5.130306897771002,0.2865999999999999,6.827530288232685,91.1448,30.56,2.8978,1.1,0.56,117.484,1170.9,25.490774322503743,0,1
158,lankershim,20.9762671336,5.921642379277039,-0.5100000000000001,6.399918685707926,70.22420000000001,30.56,2.4856,1.05,0.74,107.92199999999998,1000.5,25.80107660013672,0,1
159,lankershim,17.2142681368,9.763989156314263,-0.3258000000000001,6.717966799439198,88.41179999999999,20.62,4.1028,0.66,0.58,2.987999999999999,99.0,7.253085027653223,0,1
160,lankershim,19.6441311252,9.82857017069295,0.1712000000000001,7.073736893089327,55.12039999999999,21.96,8.387599999999999,1.13,0.72,16.215999999999998,254.4,24.306447771431063,0,1
161,lankershim,20.744994468,9.08302109429113,0.2373999999999999,4.877902196306799,89.83639999999997,30.29,3.3436000000000003,0.92,0.62,93.252,1802.1,28.755043885650988,0,1
162,lankershim,22.9619938768,7.891100154847476,0.1576,4.9095901819909615,68.57939999999999,24.47,2.0804,1.2,0.86,25.9,528.0,18.708005081629786,0,1
163,lankershim,21.1944488936,7.537865276915904,-0.1639999999999999,4.034774859055373,44.4726,7.84,4.629,0.22,0.88,10.758000000000004,438.6,20.53027065157541,0,1
164,lankershim,24.5526752708,8.561220656577953,0.8275999999999999,5.130251042113049,104.0838,28.74,3.2141999999999995,1.87,0.6,55.13,561.9000000000001,19.616493360320806,0,0
165,lankershim,22.9873575064,9.109729014783587,0.8376,6.489924549103883,161.38379999999998,26.0,5.179600000000001,1.5,0.38,91.08,1952.6,14.043354333605048,0,0
165,lankershim,19.459358447200003,10.15641128068524,-0.2192,4.417106745370775,83.49900000000001,26.0,4.0436,1.35,0.62,108.55400000000002,1952.6,13.210123708361104,0,1
166,lankershim,16.395950173200003,8.981756591570463,0.3054,4.386245295912937,95.7066,24.36,6.6678,1.05,0.22,120.768,3022.4,14.313086040346692,0,1
166,lankershim,16.5980410284,9.577050554509787,0.4343999999999999,3.7895808609977983,80.2936,17.41,10.262,1.86,0.22,50.47,687.3,11.750472709223407,0,0
168,lankershim,22.481584914,9.205073210314378,-1.0652,6.063421691771479,122.2982,23.49,3.8558,0.46,0.46,118.484,1853.4,18.009073748394226,0,1
168,lankershim,15.946223020400003,9.006481420796884,-0.846,5.165206201308987,64.7286,25.43,3.866400000000001,1.07,0.54,99.988,1853.4,16.494580609870326,0,1
168,lankershim,16.4213138028,11.848458459234608,-0.1959999999999999,6.0955055372874565,48.698200000000014,25.43,6.374199999999999,1.07,0.58,13.986000000000004,170.3,19.34149915444055,0,1
169,lankershim,20.9903125844,12.41989634336045,-0.6788,5.938795878778451,61.507000000000005,25.98,2.6208000000000005,1.4,0.72,57.928,641.0,13.859485468392087,0,1
170,lankershim,20.634539952,10.900107787182536,-0.6512,4.38456878479189,133.76,2.74,10.2652,2.11,0.4,60.802,939.5,22.508648813280463,1,0
171,lankershim,21.367767029200003,9.959085508613128,-0.1572000000000001,5.913881642511342,132.7502,23.38,11.4884,1.26,0.56,62.5,815.3,30.56451912843801,0,1
172,lankershim,20.3444945748,7.0449886813465055,1.1884,6.42868170064153,184.0178,23.49,6.289000000000001,0.86,0.4,261.528,3377.4,34.05532391293164,1,1
172,lankershim,17.9087679516,8.397465169997194,0.3743999999999999,5.988606924649437,95.60779999999998,23.12,4.365999999999999,0.91,0.64,138.988,2413.5,32.49114813022156,1,1
173,lankershim,24.284448069600003,7.650975524694229,0.6592000000000001,5.991901963722132,149.6668,51.79,4.0246,1.42,0.72,134.31000000000003,6018.000000000001,7.851197402502451,0,1
175,lankershim,16.994859104400003,9.0415411165987,-0.3403999999999998,4.84149578843024,61.19259999999999,28.8,3.8242,0.89,0.62,9.978000000000002,268.1,32.65090854916785,0,1
177,lankershim,21.253903423200004,6.138030690416369,1.0541999999999998,6.053457467111044,57.74799999999999,34.06,2.1822,0.74,0.76,82.492,833.7,18.045450272383373,0,1
177,lankershim,15.289632286400002,8.950357346644541,-0.0139999999999999,4.941322635464628,66.90039999999999,25.46,7.4392,1.04,0.48,93.344,951.0,18.158844923662755,0,1
178,lankershim,23.9855390584,7.270787905681383,-0.5080000000000001,5.712179969153632,106.4628,33.38,3.2498,1.06,0.8,283.276,3960.0,26.327571444066937,0,1
179,lankershim,29.132174049600003,8.638629726358742,0.5571999999999999,7.1806091038324045,102.66499999999998,39.58,2.5846,1.02,0.58,54.58599999999999,1511.4,47.14121673286228,1,1
180,lankershim,21.86903962280001,6.491658767699208,0.2829999999999999,5.622912401731955,93.417,23.37,3.1252,1.16,0.46,2.575999999999999,41.29999999999996,14.957737282171022,0,1
181,lankershim,17.7895861652,10.60484326251057,-1.7096,5.780160989213405,191.3064,26.05,9.5414,1.52,0.42,727.682,6126.6,28.831967555879103,0,0
182,lankershim,23.3682210412,9.533393360415696,-0.5274000000000001,5.500604348985812,184.7254,26.05,5.3228,1.45,0.46,565.086,8112.799999999999,35.524555291510566,0,1
182,lankershim,23.846584550000003,10.916733705458649,-1.354,5.560853333429894,174.86420000000007,31.14,5.415799999999998,1.45,0.42,431.982,7470.2,31.02239422018637,0,1
183,lankershim,22.6993575832,7.870708616497491,0.6892,5.313997242554568,133.9008,27.99,4.1244,1.02,0.8,160.85399999999998,3265.6,15.289554117722842,0,1
184,lankershim,19.1950857904,8.355273541928387,-0.0627999999999999,4.361221060993945,150.6036,26.36,7.524400000000001,1.43,0.4,265.292,11300.9,13.771602690007745,0,1
185,lankershim,25.7097204168,6.95397315222312,-0.2627999999999999,6.316116424978054,155.6396,27.0,4.344800000000001,1.53,0.58,141.842,6113.200000000001,38.31137503711781,0,0
186,lankershim,20.980085314400004,6.719434104392302,-0.635,5.576476193322614,103.2388,28.08,3.5642,1.22,0.64,64.34200000000001,1271.1,18.44552638442089,0,1
187,lankershim,19.2189494204,7.845830066781095,-1.8716,4.7411151534168825,111.447,25.35,4.542400000000001,1.43,0.4,43.724,1305.1,22.05256625326617,0,1
188,lankershim,27.3775836084,8.055803183239474,-0.377,5.9026155565277385,109.31760000000004,25.63,2.9005999999999994,1.24,0.64,54.578,881.5999999999999,27.78897606194638,0,1
188,lankershim,22.9093575272,11.083646644716689,0.9662,5.152674316531649,77.5052,25.63,3.287799999999999,1.24,0.66,49.874,1177.3,31.77209547311372,0,1
189,lankershim,19.38749483,10.764282229302324,-0.8030000000000002,5.316165278215691,98.4602,23.97,5.3674,0.0,0.76,20.924000000000007,655.8000000000002,28.36333408918447,0,1
189,lankershim,15.2294959388,10.969730361511369,-0.1535999999999999,5.654134394856744,53.92579999999999,18.15,6.060999999999999,0.71,0.54,20.992000000000004,382.2,17.398943580409867,0,1
191,lankershim,16.9794500176,10.870486066783933,-1.273,4.620580513930504,52.19480000000001,24.91,6.298000000000002,0.71,0.7,28.46,945.7,31.49010078062434,0,1
192,lankershim,27.463083585600007,8.426147645801981,0.7424000000000001,6.780451962541032,195.524,29.71,6.1112,1.14,0.72,415.9059999999999,10571.0,22.608974562635023,0,1
193,lankershim,23.588720982400005,10.016508638309912,0.0111999999999999,6.324495830515194,114.9586,26.33,4.5898,1.14,0.46,71.798,2663.4000000000005,13.704428050965191,0,1
194,lankershim,18.7108586468,12.030769114837236,1.5282,5.874000371752366,73.5936,19.34,9.8634,1.27,0.66,77.77399999999999,1773.9999999999998,24.345632102699653,0,1
195,lankershim,23.3585392256,16.341045734284656,-1.0576,6.5845327604522845,125.9508,20.98,10.258,1.21,0.28,12.212000000000003,372.9,31.111140204172425,0,1
195,lankershim,15.6837230904,16.043260539241984,0.1146000000000001,5.243970769233122,77.4536,20.98,17.6476,1.07,0.3,14.995999999999997,372.9,24.62504600406767,0,1
200,lankershim,18.7198586444,12.126549425254687,-0.5022,5.777799980290499,119.1182,24.71,11.110600000000002,1.67,0.36,185.764,3518.7,24.37743177051517,0,0
200,lankershim,18.648949572400003,12.578044823637258,-0.7688000000000001,5.915969960321686,68.1474,24.32,9.5476,1.07,0.42,81.416,739.1999999999998,11.996549764351892,0,1
201,lankershim,21.104994372,8.622447971687546,-1.0136,6.695614391647166,138.87680000000003,32.13,4.7912,2.12,0.38,24.566000000000003,477.7000000000001,23.97551111045925,0,0
202,lankershim,21.2472216068,10.857935370499035,-0.8098000000000001,6.063278728441858,141.41359999999997,27.63,5.3562,0.88,0.42,516.9860000000001,15951.8,24.07909090117272,0,1
204,lankershim,24.6717206936,12.910089651556204,-0.165,5.329286528040989,63.2798,1.87,2.3614,0.03,0.66,36.304,736.9,8.985936649553896,0,1
205,lankershim,19.732494738,9.56495277340399,-0.116,4.096008011790634,65.7348,24.59,3.3622,1.02,0.78,12.718000000000004,393.8,16.847652772612886,0,1
208,lankershim,19.0321312884,11.463126172093066,-1.1007999999999998,5.804302710850259,81.2112,21.22,6.425599999999999,1.13,0.56,4.194000000000003,114.79999999999995,20.49705936030825,0,1
209,lankershim,21.1686761732,11.190357215058729,-0.2284,7.593329338898687,165.89880000000002,10.73,7.0438,0.28,0.46,228.006,4639.6,24.66999454918332,0,1
211,lankershim,16.2644956628,10.922546317870426,-1.1232,5.7356128580251,117.4444,20.1,7.805400000000001,1.15,0.4,77.584,1767.9999999999998,12.105115965119028,1,1
212,lankershim,19.2591766824,13.472992917396336,-0.5574,5.679790456755694,127.4328,17.68,18.703000000000003,0.81,0.52,168.194,7667.799999999999,14.275336146011856,0,1
213,lankershim,22.70508485440001,8.18343142914669,-0.1014,5.524079389549069,165.87220000000002,57.36,5.8388,1.07,0.64,3.0639999999999987,53.400000000000034,20.72053606576464,0,1
215,lankershim,19.7701310916,10.304382598015138,-0.2817999999999999,4.369358842425002,82.4182,14.31,2.9246,1.21,0.54,104.36,1543.9,14.675233187661616,1,1
219,lankershim,20.0068583012,9.673643329478674,0.6570000000000001,6.465803373541924,94.784,20.97,3.736,1.13,0.5,150.424,2131.8,12.723405469176138,0,1
219,lankershim,13.341814624,11.327262680471964,-0.0059999999999998,7.417919836037428,81.75560000000002,20.01,17.4496,1.13,0.34,36.68,1567.1,7.692837206208415,0,1
219,lankershim,3.529089968,5.921662367459354,0.3664,5.371163276123294,42.5744,14.5,30.8308,1.51,0.12,2.716,127.0,5.411832391064935,0,0
221,lankershim,13.395132791600004,10.795820325540667,0.8942,4.794928055896615,61.14279999999999,17.84,10.7804,1.11,0.46,28.546,551.4,12.971767648116996,0,1
225,lankershim,18.2300405932,11.553337088124112,-1.0444,6.065057551420334,60.1934,22.12,7.1238,1.41,0.76,69.088,1819.5,25.396010083347136,0,1
227,lankershim,15.8678139504,12.69654463425599,0.4225999999999999,5.223797902925824,77.2974,19.95,6.130199999999999,0.81,0.44,87.52,3711.2,13.605450970167531,1,1
229,lankershim,23.34285091809524,12.284127969885496,0.4876190476190478,5.324848244499125,113.29333333333332,33.91,6.258571428571429,1.3,0.6666666666666666,16.02619047619048,651.5,4.016007999714976,0,1
240,lankershim,18.563858686,9.651056733184657,-0.7361999999999999,4.55637203064375,90.4486,24.12,7.5176,1.69,0.42,102.878,2233.6000000000004,16.263574655703238,0,0
243,lankershim,21.712357846400003,11.454346784811747,0.5416,6.003372643942804,95.5708,27.2,4.5154,1.72,0.7,129.72,1881.6,23.125236537618733,0,0
245,lankershim,14.512223402800002,12.383099099866454,-0.2034,5.6648697627193005,68.1488,24.69,5.889399999999999,1.68,0.28,156.584,3330.0,12.322880387659836,0,0
247,lankershim,17.6266316632,12.533209903909992,0.3122,5.254974820809985,68.81540000000001,23.82,4.607,0.83,0.5,111.96,1504.5,14.759672870884035,1,1
253,lankershim,21.430221558,12.287811062259166,0.3394,6.31245720454275,98.2256,19.75,3.6578,1.16,0.44,133.498,1444.3000000000002,33.02754748113725,1,1
257,lankershim,21.128039820400005,9.801755477150389,-0.277,5.926451342093689,76.91159999999999,26.09,3.176,0.86,0.62,80.694,1475.1,13.318758880417269,1,1
262,lankershim,20.2064946116,8.829793172322699,-0.3741999999999999,5.744451125624961,90.016,31.03,3.2298,0.0,0.84,28.206,636.3,12.16499623260047,0,1
262,lankershim,20.909585333200003,8.76799951927433,0.095,5.8169475304001645,348.0436,8.71,13.7474,0.0,0.62,25.704,636.3,8.935629039218819,0,1
264,lankershim,26.400265687200005,10.828850015694982,0.2267999999999999,7.504587560218056,73.0538,34.0,2.1474,0.86,0.9,56.57800000000001,596.5,32.7989296694516,0,1
265,lankershim,22.168766815600005,9.1564405226047,0.7831999999999999,5.306980555103334,128.5612,22.74,4.7018,1.03,0.7,146.808,5471.7,19.41206158074649,0,1
267,lankershim,18.6257677604,10.52354234009258,-0.8733999999999998,5.360864082802856,85.78980000000001,19.08,4.9426,1.41,0.6,189.13,4869.9,21.6245756665788,1,1
269,lankershim,21.7375851124,10.021111287632335,0.6342000000000002,6.333929395867681,195.9464,7.18,7.5863999999999985,1.1,0.54,70.60200000000003,1585.4,25.181932618608982,0,1
270,lankershim,19.5719947808,10.60819129457456,-0.6271999999999999,5.449346352863745,279.7492,34.39,19.5972,0.69,0.36,700.36,13825.9,20.957121593133625,0,1
277,lankershim,22.9709938744,8.775604968721971,0.4906,5.929434501721397,79.08819999999999,26.56,3.3278,1.21,0.76,76.914,907.5,12.437587147408768,0,1
280,lankershim,21.989039590800004,7.601780602633867,-0.088,5.500783246641392,75.6648,27.4,2.4028,1.17,0.82,121.006,889.9,19.44418450144213,0,1
283,lankershim,26.0944021324,7.713437572255072,-0.7915999999999999,7.32305260315474,81.5974,33.07,2.1528,0.72,0.82,107.256,1487.5,27.219908165329645,0,1
284,lankershim,21.9282214252,9.462032818725504,0.3482,4.706874993462396,137.2534,33.48,4.413,0.69,0.7,315.652,9337.9,32.74198189368705,0,1
285,lankershim,25.395129591600003,9.509015707017069,1.5796,5.472530646188232,83.8424,36.88,2.5752,0.95,0.76,65.886,2029.0,33.77435305215833,0,1
285,lankershim,25.640447708,9.012058161467232,1.2721999999999998,5.263078671466047,77.7776,28.7,2.3310000000000004,0.87,0.8,52.642,2029.0,29.950632713264977,0,1
287,lankershim,21.1460398156,10.43915885084487,-1.5199999999999998,5.751970026319111,71.887,28.74,2.8154000000000003,1.11,0.62,75.72,1000.7000000000004,32.329184088355454,0,1
287,lankershim,24.096811756,9.27896434345078,-0.4916,6.582865314975086,106.6294,28.74,3.0718,1.11,0.44,160.13199999999998,1824.8,34.752471714156755,0,1
289,lankershim,20.2420855112,7.557486714945597,-0.0124,4.495017904211692,61.7776,26.31,2.265,0.89,0.86,38.518,472.2,19.166408379596565,1,1
290,lankershim,21.9853577736,9.37523275487051,0.6148,6.063756914518205,91.0662,35.47,4.032399999999999,1.6,0.68,83.852,934.0,27.2931348920402,0,0
291,lankershim,24.2704026188,10.579658961684364,1.0432,5.717539587862555,72.6332,0.9,2.6634,0.06,0.74,38.594,1182.5,33.630244725483614,0,1
291,lankershim,19.5441766064,10.492061334455778,0.2012,5.809984593748235,87.6986,21.67,4.1968,1.04,0.68,44.822,1240.6,28.56372232046111,0,1
292,lankershim,16.990222742000004,12.083187677973338,-0.0736,4.202142679876638,96.2016,19.35,18.4282,1.42,0.4,90.624,2794.0999999999995,18.764512764094825,0,1
293,lankershim,25.862174921600005,10.560296384332403,-0.6237999999999999,7.13391808938976,62.093,31.38,2.4302,0.84,0.88,25.168000000000003,489.2000000000001,36.191233842172,0,1
295,lankershim,13.8826326616,13.322618799969494,0.5049999999999999,5.545725785665562,62.55219999999999,17.98,30.9916,1.49,0.38,9.188000000000002,433.0,16.397501989943592,0,1
296,lankershim,21.7469942008,9.230433313897136,0.4827999999999999,5.8633169688795626,107.8712,26.3,3.8312,1.01,0.48,180.882,2399.8,22.43687443295077,0,1
297,lankershim,14.793405146,8.07849919321914,-1.2974,5.244464451948845,83.4674,21.01,5.311599999999999,0.81,0.2,58.132000000000005,987.1,21.237200651225397,1,1
299,lankershim,17.916131586000002,9.82829305985546,-1.879,5.511242405950119,66.9434,27.22,8.2538,0.71,0.52,40.052,862.2,15.711538070904114,0,1
305,lankershim,17.320495381199997,10.256385839739856,-0.9708,4.845662415490575,42.815,22.5,2.9560000000000004,0.74,0.74,44.832,1413.9,23.857114685663436,0,1
307,lankershim,18.209313326,8.596056356279208,-0.0741999999999999,6.0511638583677705,276.49860000000007,25.04,10.787,0.94,0.48,208.35599999999997,8316.8,20.133609799070424,0,1
308,lankershim,22.2024486248,5.774956282183322,-0.966,6.341417468532101,105.0932,34.02,3.1712,1.12,0.6,95.244,1544.3000000000002,15.05982434344804,0,1
309,lankershim,26.332492978,7.654642487803787,0.4232000000000001,5.810803604546642,75.104,29.06,2.6052,1.31,0.92,42.37200000000001,667.9000000000001,31.71909696007844,0,1
310,lankershim,20.3633127516,10.6196758977786,-1.8414,6.146482322334907,93.4334,27.2,3.9012,0.77,0.46,90.348,1728.3999999999996,27.46984555667824,0,1
313,lankershim,23.8434481872,9.226368896305312,0.2646,6.007451906437808,176.4874,23.1,5.4888,1.25,0.48,535.818,4368.6,31.27686181342889,1,1
316,lankershim,24.7442661288,10.918279309907971,-0.5674000000000001,6.231640728031849,121.4716,21.55,3.3142,0.9,0.64,64.094,3015.7,34.474182316324544,0,1
318,lankershim,21.1741307172,9.821947435553165,0.0929999999999999,4.636921150408107,91.5458,16.07,2.9478000000000004,1.32,0.44,67.648,999.4,31.328329644718742,0,1
320,lankershim,22.361584946,9.535671970886634,-1.4278,7.729763121750066,84.05659999999997,23.43,4.2658,1.14,0.68,50.93600000000001,635.5,23.737380338759767,0,1
324,lankershim,21.7707214672,7.945545729652121,-1.8826,4.242800774036328,71.52640000000001,32.04,2.462,1.06,0.76,42.912000000000006,886.8000000000001,24.44444981014742,0,1
324,lankershim,14.779086968,9.6189085722617,1.0026,5.492288029220461,69.4966,23.84,4.0234000000000005,0.86,0.38,70.38600000000001,982.4,26.7877186473235,0,1
327,lankershim,17.86704069,12.572139570223875,-1.2486000000000002,6.323638196546061,77.5014,24.34,9.5276,0.88,0.48,60.27799999999999,1951.6,36.783389929234666,0,1
329,lankershim,18.335449656,11.349831198098876,-0.9428,5.161390826638312,94.1384,15.58,4.118399999999999,1.4,0.4,278.684,3075.0,12.42606321162031,0,1
329,lankershim,15.322495914,10.919563074430496,-1.1875999999999998,5.746463885179605,74.87320000000001,24.82,4.0528,1.3,0.34,246.756,3075.0,14.72055086953097,0,1
331,lankershim,13.359678255600002,9.573447986055491,0.1304000000000001,6.266870116830609,55.15800000000001,21.8,4.4382,1.39,0.42,45.532,790.3,23.649114079873208,0,1
332,lankershim,12.680042073200005,9.734853581481175,-0.0588,3.8428118106726097,55.3554,26.25,21.4604,1.39,0.56,53.254,1168.8,31.557831406599327,0,1
336,lankershim,22.4519940128,8.494010099229033,-1.0792000000000002,5.823554507518653,77.2234,15.75,4.401199999999999,0.38,0.68,33.736,565.2,20.303746394260568,0,1
336,lankershim,17.508404422,8.64884642534794,-0.4837999999999999,5.229326600421659,110.8598,22.73,6.7718,1.16,0.38,273.634,2825.9000000000005,19.249144677197307,0,1
337,lankershim,19.3154948492,6.840905166216335,-0.0888000000000002,6.978449813240642,185.8416,35.98,6.6352,1.22,0.46,224.95,8393.4,16.178199202277472,0,1
337,lankershim,17.760267991200003,10.48391285641603,0.0091999999999999,6.402159979894541,250.71739999999997,20.89,11.7282,1.47,0.22,382.602,8393.4,16.63710691362865,0,1
339,lankershim,18.78067681,9.63112826415564,0.1657999999999999,6.734491811501716,79.6464,23.75,5.178800000000001,1.58,0.7,138.28600000000003,1145.4,14.570964757058077,0,0
339,lankershim,17.1785408736,11.508947228604285,-0.9867999999999998,7.903223687398784,72.929,24.98,12.225,1.9,0.66,99.88,1145.4,16.404189018774243,0,0
344,lankershim,19.6311765832,9.452702976707116,-0.5178,4.941210415206676,72.1402,22.43,2.8464,0.81,0.64,93.81,1655.6,15.588849434850829,0,1
346,lankershim,16.4678137904,8.962534438501889,-0.7067999999999999,5.163788136471843,107.781,34.59,4.8366,1.88,0.18,71.36200000000001,1050.3,6.477842976340384,1,0
348,lankershim,22.7626302936,11.13712444285383,0.2901999999999999,5.331672590495865,116.12319999999998,26.89,10.533,0.95,0.38,111.008,1978.1,19.31972051799584,0,1
350,lankershim,17.254359035200004,9.145745942257909,0.755,4.83844225648997,62.10039999999999,26.56,3.4466,1.01,0.68,38.142,883.6999999999999,18.36766943056773,0,1
352,lankershim,18.636131394000003,8.998065917629082,-0.3364,5.594586946508278,71.40979999999999,30.31,3.3348,1.53,0.56,42.63399999999999,847.5999999999999,29.993521175305,0,0
354,lankershim,21.7141305732,9.857554932470164,-1.0006,5.734205782772682,151.3708,23.33,11.1422,1.38,0.24,434.872,3858.4,23.77831402498967,0,1
369,lankershim,16.485950149200004,10.391855322654068,0.7008,6.033999871476598,75.9582,25.18,4.5062,0.8,0.54,84.39,1000.9,27.37767455857239,0,1
369,lankershim,16.883313679600004,9.537254169402653,0.4825999999999999,4.712877629540195,73.9854,21.22,4.5078,1.4,0.64,66.81599999999999,998.8,22.80731234871476,0,1
372,lankershim,16.7912682496,10.48001644820579,-0.7367999999999998,4.782259068256169,88.3682,25.02,6.772800000000001,1.42,0.54,29.03400000000001,794.6000000000001,34.93972191181696,0,1
377,lankershim,16.902950038,10.643479174823764,-0.0752,3.8606630708906433,65.6332,24.88,6.6962,1.48,0.58,31.424,926.9,10.01722871613844,0,1
377,lankershim,12.4450875904,11.636732213145896,-1.0014,5.44837703226514,60.208200000000005,21.55,42.35280000000001,1.33,0.38,20.882,599.8000000000001,9.38882626993059,0,1
378,lankershim,17.5975862164,12.69988659554511,0.484,7.0669922592172645,54.4382,24.07,8.017000000000001,0.69,0.58,17.197999999999997,668.9999999999999,33.27205079480128,0,1
381,lankershim,15.4420867912,10.587990011195838,1.7398000000000002,6.989151211203062,100.6048,23.02,12.3138,1.19,0.5,201.54,3153.0,6.532859127299689,0,1
389,lankershim,20.7166308392,10.58355008097416,0.9896,6.328009636464191,155.329,22.47,4.643400000000001,1.49,0.48,233.964,5520.799999999999,28.77672114683772,0,1
389,lankershim,12.021405885200002,10.80683307825914,1.5274,6.144564483661762,53.7708,21.17,7.1446000000000005,1.22,0.4,91.06,1484.4,26.51771341360568,0,1
389,lankershim,11.3142242556,11.3055640122008,-0.981,6.652604906411948,67.712,17.1,20.3794,1.02,0.38,82.77199999999999,2376.3,19.031345081164584,0,1
396,lankershim,13.2553601016,10.412531478511523,1.601,5.988359882441324,156.5196,8.3,10.8382,0.25,0.4,527.568,8948.2,12.148324065164086,0,1
397,lankershim,19.2931312188,10.249611510772509,1.8844,6.468161004142537,89.61619999999999,20.75,4.941599999999999,0.74,0.66,116.038,2524.6,16.981346355952358,0,1
399,lankershim,15.6591776424,12.04005973851009,0.8910000000000001,4.586471343827966,141.0998,18.72,42.7366,1.21,0.32,569.6020000000001,9564.3,25.94726106465865,0,1
400,lankershim,19.5005402544,7.308111473332537,1.1282,4.540752293150894,74.1276,27.99,4.2132,1.16,0.64,45.958,512.0,23.51696659569123,0,1
409,lankershim,14.906314206800005,11.672378792714072,1.1496000000000002,6.368751506779177,63.0746,19.14,22.164,0.89,0.44,22.37,515.9000000000001,13.624151909781991,0,1
411,lankershim,19.7214492864,10.894677010372394,0.4457999999999999,6.735848079265058,127.0954,8.96,5.0958000000000006,1.17,0.36,19.81,362.7000000000001,14.02997348113048,0,1
413,lankershim,17.770222534000002,9.537460774444986,-0.516,5.443946272733426,86.05199999999999,23.97,10.446000000000002,1.57,0.6,81.136,2944.0,27.4305916524539,1,0
415,lankershim,10.568451727199998,8.619058493753249,-0.9434,5.01873331852261,78.9244,13.22,10.7086,1.2,0.3,273.876,12843.8,5.253812174885927,0,1
418,lankershim,18.7955404424,10.211564200685007,0.7207999999999999,5.899454087507779,137.1324,19.27,6.4068,0.62,0.2,103.634,2122.6000000000004,21.776269744051994,0,1
426,lankershim,23.841811824,11.19902981659343,-0.1175999999999999,7.463048444277489,111.1126,22.08,4.214,0.9,0.54,22.877999999999997,417.3,14.58016762201733,0,1
432,lankershim,13.466587317999997,10.226104929311155,0.6753999999999999,4.37903223396705,88.8686,18.79,7.155400000000001,1.7,0.56,35.268,544.6000000000001,14.231669363896328,1,0
436,lankershim,16.5820864872,10.697297079964487,0.5716000000000001,5.873092694306669,68.4714,16.54,6.928000000000001,1.14,0.56,3.769999999999999,185.9,21.617605722131927,0,1
437,lankershim,19.0904949092,10.509393826266187,-0.1235999999999999,4.337743587231895,104.6562,23.75,4.2338,1.08,0.5,81.29,1435.6,15.116351100590595,1,1
437,lankershim,14.498450679200005,7.627953285705455,0.4894000000000001,6.253791473651673,83.57940000000002,21.08,4.840400000000001,1.5,0.44,57.39,1618.5,16.965856172288376,0,0
440,lankershim,14.572768841200002,11.869790804026891,-2.182,6.1620749222107625,57.6766,18.63,17.410399999999996,1.36,0.52,81.05800000000002,2377.3,29.191161699894504,0,1
440,lankershim,11.029224331599998,10.594377971027404,0.4024,5.865703347008101,43.2156,22.0,52.53360000000001,1.0,0.4,7.687999999999999,354.70000000000005,22.69826890931535,0,1
443,lankershim,17.5686771332,9.700530047042816,0.6328,5.79991591775788,55.33839999999999,24.26,6.2698,1.32,0.74,28.402,414.6000000000001,12.938860326764107,0,1
446,lankershim,18.156131522000003,11.764221791103871,-0.3429999999999998,6.083874721972261,56.02480000000001,22.49,11.6762,1.17,0.64,41.596,632.9000000000001,13.674267915874037,0,1
449,lankershim,9.5773610824,7.90509889920624,0.0114,4.564337808779391,59.98500000000001,19.78,23.3214,2.11,0.26,13.79,273.4,12.181810998118364,0,0
451,lankershim,13.825087222399995,10.667287131098862,1.1654,5.19584104091426,57.4022,23.5,28.806800000000003,1.64,0.54,26.546,363.9000000000001,16.925270575463575,0,0
451,lankershim,13.4927691292,10.682571806661128,0.825,6.016104662164917,69.84479999999999,14.35,19.6106,0.82,0.44,22.636,455.69999999999993,17.83291430994144,0,1
457,lankershim,24.91458426520001,8.963154933900924,0.3422,6.206689376826277,113.73299999999998,23.38,2.9838000000000005,0.96,0.74,200.09,3902.5,22.968110135585995,0,1
461,lankershim,24.9164933556,9.07935216559266,-0.3687999999999999,5.945422056386866,84.33759999999998,14.52,2.4388,0.9,0.76,21.83599999999999,511.5,22.424568741431436,0,1
463,lankershim,26.4762202124,7.843531794700586,-0.1934,7.324358747441614,84.69980000000001,43.2,2.2364,1.18,0.68,120.332,1209.9,37.00570157255694,0,1
464,lankershim,23.7441754864,7.300760635839235,0.2487999999999999,5.752564162960687,77.2766,26.52,2.3048,1.02,0.66,51.02799999999999,1209.0,29.312846314765498,0,1
469,lankershim,20.8494489856,8.301840391745712,-1.257,4.523869686316739,75.0468,19.47,2.9803999999999995,0.94,0.68,35.446000000000005,478.9000000000001,21.862845654690435,0,1
471,lankershim,24.747947946,7.218071461767101,0.5408,5.3115422411566895,63.96580000000001,34.68,1.9352,0.88,0.88,38.576,515.5999999999999,27.623013220316786,0,1
475,lankershim,21.4354033748,9.931818537985157,1.5629999999999995,5.248943625499656,112.0616,20.71,3.4646000000000003,0.95,0.5,268.662,7143.099999999999,29.44045616685742,0,1
477,lankershim,21.1052670992,7.778791837799054,-0.6972000000000003,7.253984138220253,80.78099999999999,32.87,3.0994,0.98,0.62,111.864,2171.7,24.200966530167463,1,1
480,lankershim,16.450359249599998,11.81506063594074,0.138,4.827723509659007,136.1996,20.01,17.671999999999997,1.51,0.26,69.81400000000001,1725.4,15.271155979459431,0,0
480,lankershim,10.0917245816,10.619478439648988,1.1628,5.6594605786078525,108.87279999999998,19.68,24.8766,1.63,0.2,83.156,3506.3,7.874613374610327,0,0
483,lankershim,17.221359044,7.341641787382114,-0.7578,5.331050472735851,105.9792,32.2,3.751,1.45,0.58,65.88799999999999,2618.9,24.39402894818521,0,1
484,lankershim,14.984586913199998,9.917568069220328,0.4689999999999999,5.657681161257585,75.8024,20.27,7.767599999999999,1.52,0.26,84.69400000000002,1646.6999999999998,13.683771085784914,1,0
491,lankershim,24.4146753076,6.647619774911747,0.0573999999999999,6.296874446574139,221.005,27.99,6.6566,1.3,0.6,5.654000000000004,98.6,16.06057089219637,0,1
496,lankershim,17.4467680748,11.329639259458798,0.1205999999999999,6.066510414747913,90.4278,20.34,9.378799999999998,1.11,0.34,112.826,1481.4999999999998,27.690746069127464,0,1
496,lankershim,13.7499508788,10.791438642678235,1.0184000000000002,6.404810169405683,79.041,19.5,17.889799999999997,1.4,0.28,53.12799999999999,711.3999999999999,10.074825763338673,0,1
507,lankershim,17.390313544399998,9.858516000669914,-0.8448,5.714045080647638,82.96860000000001,14.83,3.9046,1.43,0.5,47.448,588.0,16.194230866438524,0,1
521,lankershim,14.064132613200002,7.983765244095955,-0.9221999999999998,5.986541125980947,88.47559999999997,25.42,5.5866,1.38,0.52,7.281999999999996,95.0,25.12988736127172,0,1
521,lankershim,15.0274050836,8.248016447821097,0.2392,6.845591413159156,90.1454,25.42,7.423999999999999,1.43,0.54,6.219999999999995,95.0,12.333443654452353,0,1
530,lankershim,17.439131713200005,8.278878779596049,0.4816,5.079091739470669,64.1318,33.49,3.6854,0.85,0.66,32.245999999999995,475.1,12.810329202480252,0,1
532,lankershim,18.159813339200003,9.216269104232806,0.799,7.082535073067022,94.71800000000002,22.19,3.5922,0.91,0.48,55.584,1446.4,15.59407321989181,0,1
536,lankershim,13.0754965132,12.249640439803049,0.9142,4.754443717326401,50.964,24.73,42.75339999999999,0.98,0.48,22.514,993.8,36.67690369278459,0,1
543,lankershim,18.0193588312,10.285264399992766,-1.5994,5.7859020816082944,66.6614,28.74,4.3132,1.17,0.64,133.584,929.4,36.271593745333696,0,1
544,lankershim,16.5357228632,12.503335156032628,-0.4485999999999999,4.292103813150043,80.13380000000001,21.46,17.3974,1.34,0.34,91.89,1548.4999999999995,31.004679635658164,0,1
545,lankershim,19.1765403408,9.1196343026021,-0.2925999999999998,5.918337745809155,106.0014,22.55,4.2122,1.22,0.56,318.536,5320.4,16.80099669406186,0,1
546,lankershim,15.154223231600003,8.527561795799913,0.5528,5.4474517689934805,64.0236,23.49,7.9086,1.06,0.4,88.33400000000002,1075.2,30.258337282677065,0,1
554,lankershim,15.5409504012,10.359464921124124,-0.4567999999999999,3.3897224255754304,69.9752,22.07,7.4648,0.67,0.56,29.022,1177.9,26.585772150247923,0,1
567,lankershim,19.22044942,9.54562384441847,-0.2168,6.794073479804262,270.8028,19.16,9.4274,1.98,0.28,207.608,5449.599999999999,12.847012302175354,0,0
571,lankershim,15.569177666399998,12.51238491793005,-0.9346,5.072022987297423,79.5336,21.37,31.654800000000005,0.0,0.4,0.4859999999999999,23.400000000000038,22.55074952502484,0,1
571,lankershim,13.1989055712,8.337183255892231,0.0722,6.326881518971416,50.8346,17.29,13.1932,1.39,0.64,12.710000000000004,504.9,19.880534195066904,0,1
577,lankershim,20.694949026800003,12.985230727871222,0.4262,5.955615045604322,63.75940000000001,25.65,19.0822,0.98,0.6,36.988,429.0,20.016571627641177,0,1
580,lankershim,23.8842209036,9.335645937380344,-0.424,8.104551001676498,72.04459999999999,23.11,6.1496,0.75,0.82,49.97999999999999,1208.6999999999998,30.02172723756131,0,1
584,lankershim,11.213042464400004,8.003648784204197,-0.2747999999999999,4.756738395504351,55.26299999999999,21.54,9.697399999999998,1.23,0.36,48.438,940.2,18.607878321587886,0,1
584,lankershim,15.665041277200002,8.85214077415407,-0.7518,5.927474146303974,64.9936,22.13,8.1834,1.41,0.46,44.434,940.2,25.70994287295505,0,1
593,lankershim,18.161995156800003,10.640225656237543,0.0599999999999999,5.755654894562922,132.10299999999998,21.58,9.531,2.04,0.5,32.66800000000001,552.2,23.489759936080524,0,0
594,lankershim,23.1031302028,7.456864559990289,-0.1203999999999999,4.55827301704924,159.87859999999998,30.7,4.886,1.06,0.72,185.79,3777.8,25.3131131715221,0,1
595,lankershim,17.887495230000003,11.24979757595471,-1.393,5.630882864767718,90.8122,21.54,12.349,1.16,0.52,112.52,4512.7,13.174967043276752,0,1
597,lankershim,17.2572226708,10.274075814733454,0.4346000000000001,5.350746737891939,114.0032,19.41,11.978599999999998,1.55,0.56,156.364,6310.599999999999,15.424658166211977,0,0
601,lankershim,19.2767675868,9.973529137136074,0.3416,4.387505153203556,119.5714,18.93,3.764,1.36,0.66,110.864,2503.9,10.574142867931592,0,1
607,lankershim,22.6523121412,11.079482826100396,-0.5200000000000002,4.386167961644321,145.6328,20.69,5.283800000000001,1.23,0.58,0.4480000000000018,15.200000000000031,27.488573077679728,0,1
611,lankershim,13.048223793200002,11.563610948437066,0.0605999999999998,5.904132903902044,106.6902,21.12,23.1672,0.8,0.16,176.862,4624.499999999999,22.817257910303464,0,1
612,lankershim,20.162994623200003,10.0618752987262,0.8538,7.308869336606849,158.8454,25.19,5.6402,1.25,0.48,9.156000000000036,344.5,14.556133745144368,0,1
615,lankershim,15.4341777024,10.649007092650097,-0.3541999999999999,4.681849054746273,52.4832,18.62,18.733400000000003,0.9,0.64,12.616,431.9,7.916703157249234,0,1
616,lankershim,16.438904707200003,10.366130243486552,1.7388,7.115999403471314,175.112,29.39,17.289,1.71,0.2,235.232,6105.5,10.848304772222264,0,0
628,lankershim,14.030178076800002,9.779840263029708,-0.2712000000000001,5.712380625287786,55.4812,21.77,12.0486,1.43,0.58,28.432,1353.3000000000002,17.293984726098568,0,1
650,lankershim,19.619722040800003,9.268477521261374,-0.5534000000000001,5.3952982592366885,83.82240000000002,18.8,12.8356,1.03,0.52,30.126000000000005,836.1,13.903463170163096,0,1
650,lankershim,15.2540413868,9.986773266801771,-0.1346,6.763664086687852,76.2428,18.8,11.7142,1.03,0.38,25.966000000000005,1220.5,23.040036017908708,0,1
650,lankershim,10.9115425448,9.912985218536974,0.3105999999999997,6.700997004710781,71.27159999999999,21.92,35.975,1.58,0.16,25.056,1220.5,31.12299159522964,0,0
654,lankershim,14.923086929600004,9.717169823447842,1.0978,5.439078662225574,126.03820000000002,24.67,26.231000000000005,1.53,0.16,18.04,363.1,22.913882418868138,0,0
654,lankershim,17.260086306399998,9.699387407234395,0.5479999999999999,6.040450719769113,138.985,17.22,10.5446,2.09,0.16,55.916,1456.6999999999998,18.89840337245883,0,0
670,lankershim,19.6219038584,9.090987345322404,-0.2491999999999999,5.177716319548058,125.3672,28.0,5.5214,1.18,0.32,41.736,906.4,22.37442076549533,0,1
679,lankershim,23.997948146,5.7115752080522135,-0.8251999999999999,6.825535260463953,108.0466,23.74,3.3544,1.23,0.6,56.36599999999999,1504.0,24.46318594930358,0,1
697,lankershim,21.0275398472,9.337275181271975,1.2734,6.070034666881472,160.6508,18.14,17.093999999999998,0.92,0.7,5.348000000000004,193.1,31.501255559616105,0,1
704,lankershim,20.346812756,9.089025118096009,-0.4542000000000001,6.242518817246246,135.47260000000003,23.37,12.877799999999995,1.19,0.44,0.3220000000000063,7.600000000000051,18.02908056623169,0,1
705,lankershim,20.8351308076,7.334415140704156,0.1397999999999999,5.760812899696198,100.0262,22.82,3.4324,0.73,0.64,1.1260000000000006,43.400000000000034,12.68500801000447,0,1
706,lankershim,17.3301771968,11.542757434752714,-0.4205999999999998,5.994351221894541,68.8908,29.19,25.862,1.36,0.54,64.97,1042.5,28.45004896431352,0,1
706,lankershim,16.468495608400005,13.356347692479156,-0.1545999999999999,5.517182514468701,88.5328,6.8,21.0008,0.6,0.4,51.89,2366.4,8.35145997807007,0,1
708,lankershim,22.717084851200003,7.414156078790359,-0.4628000000000001,7.148647664318856,103.56839999999998,20.1,3.8862,0.99,0.5,54.734,853.3999999999999,29.644771025478693,0,1
713,lankershim,21.101448918400003,6.214074842668439,-0.8872000000000001,5.624301150238261,62.788,21.36,2.75,0.8,0.84,42.876000000000005,366.6,22.514758967116368,0,1
714,lankershim,21.07840347,8.534014801358378,0.3195999999999999,5.871733728601105,118.97039999999998,30.28,7.2532,0.84,0.5,54.488,1406.1,32.7632199784877,1,1
716,lankershim,13.1978146624,10.777773569999896,0.1202000000000001,4.489423621020809,51.5848,20.95,24.2348,1.26,0.6,17.384000000000004,612.6,18.279840681661828,1,1
717,lankershim,21.8480396284,7.868406871623667,0.8908,4.5302254032312375,88.4542,33.0,2.958800000000001,1.18,0.7,31.820000000000004,1161.7000000000005,23.91608171610535,0,1
732,lankershim,20.6071308684,6.574297643032432,-0.1432,5.353657319429173,229.57020000000003,25.27,6.9376,1.44,0.58,349.68,8217.1,28.772269651488376,0,1
735,lankershim,21.3068125,8.735464566712048,-0.5555999999999999,7.067389946299922,239.4996,35.91,11.3296,1.23,0.6,2.8879999999999995,108.70000000000005,12.706098748158665,0,1
741,lankershim,17.27385903,12.539730160174663,-0.2206,5.265420273165402,58.922,24.23,17.467,1.01,0.58,13.564000000000004,664.5000000000002,43.75964100156813,0,1
742,lankershim,22.0198577644,7.39154096559864,-1.2231999999999998,7.331584298535385,112.9526,23.42,3.7761999999999993,1.69,0.56,21.654000000000007,1020.4,19.763020717057834,0,0
745,lankershim,14.2836780092,11.776949576536332,-0.2221999999999999,5.315233129834456,69.85859999999998,41.9,40.634600000000006,1.72,0.46,0.1700000000000017,5.19999999999996,29.3413915822696,1,0
747,lankershim,15.417132252400002,12.328627097514996,-0.493,5.323195392212601,109.396,18.55,28.748200000000008,1.1,0.3,9.418,465.7,7.406597137522131,0,1
749,lankershim,19.472994807200003,12.452396989930053,-0.9066,6.497990775805163,179.28340000000003,19.69,20.6898,1.09,0.34,205.98,8766.6,18.704159111899827,0,1
753,lankershim,17.4691317052,11.584366397177334,-1.469,7.417200706906252,177.08900000000003,23.95,16.9274,1.07,0.28,2.7579999999999725,41.59999999999968,30.496042464261503,0,1
758,lankershim,17.962631573600003,8.934230912797497,0.6691999999999999,6.380723150111384,102.2738,20.55,6.7342,1.32,0.62,6.3720000000000026,131.60000000000002,20.43180118749461,0,1
761,lankershim,19.3899493748,10.85807728613918,-0.2633999999999999,7.733399761912675,129.7296,23.21,9.2686,0.95,0.58,0.8639999999999987,22.5,30.388658564997566,0,1
794,lankershim,16.5713137628,10.488306015845204,-0.6496,6.909699766063852,70.51740000000001,17.01,7.5211999999999986,1.22,0.38,38.002,662.5000000000001,25.57164766447243,0,1
794,lankershim,9.0796339424,10.518890075373951,-0.8584,6.158611147434632,44.8584,14.55,29.0484,1.22,0.32,39.674,473.5,32.974184586628695,0,1
820,lankershim,22.3655394904,11.67130749732984,2.0802,7.30392471796597,112.42839999999998,25.09,5.8136,0.92,0.52,0.5559999999999974,10.999999999999943,18.982873842224095,0,1
832,lankershim,21.825675998,10.089001534548638,2.112,7.826495553762311,96.9544,27.38,8.6246,0.91,0.64,0.8299999999999983,31.299999999999955,16.466868190709615,0,1
833,lankershim,19.284540312,10.424605663956084,1.3016,5.308657680369581,125.2974,16.32,7.3974,1.09,0.44,0.4540000000000006,10.200000000000031,30.75699299904439,0,1
834,lankershim,22.7594939308,9.767073378166865,-1.01,6.610660222052604,343.98760000000004,22.72,21.4524,1.11,0.26,1.917999999999984,50.09999999999991,12.04048357385387,0,1
869,lankershim,21.3864488424,10.126079674720703,0.426,8.325816500990355,130.06019999999998,27.38,6.290800000000001,1.22,0.48,2.3260000000000005,48.600000000000136,18.09380629520973,0,1
883,lankershim,21.8484487192,10.570843558946502,0.8437999999999997,6.682791757452074,66.93840000000002,22.81,3.5138,1.03,0.8,21.625999999999998,585.1,18.36764055677422,0,1
897,lankershim,19.559994784000004,11.025031695986764,-0.8935999999999998,7.814350420207423,214.3692,19.18,12.6586,1.22,0.34,58.04599999999999,1495.7999999999995,15.548774177026408,0,1
903,lankershim,13.3054055428,6.772277332929224,0.0822,4.821827619465127,120.236,26.97,7.4984,1.75,0.44,137.284,3286.3,28.11675690884389,1,0
903,lankershim,12.366133066000003,6.557869597958451,-0.5720000000000001,5.243802561702952,90.10620000000004,24.01,9.2038,1.75,0.42,65.304,3215.3,13.776306652720674,1,0
906,lankershim,6.882679982799999,9.28886006812478,-0.3787999999999999,5.194150414708092,71.7924,21.13,49.9454,1.26,0.22,0.1680000000000006,5.0,19.932745790804045,0,1
906,lankershim,8.365225042,10.460435799757136,-1.6147999999999998,7.15210636591681,42.305,20.62,20.6894,1.29,0.28,0.0240000000000001,1.20000000000001,16.38341999860262,0,1
918,lankershim,11.2667697228,10.289187674763635,0.0068,6.791360189570996,91.7934,22.13,14.6228,1.54,0.12,2.712000000000006,65.90000000000032,24.84345235629685,0,0
945,lankershim,15.651950371600003,9.604007035939375,-1.5552,6.113783437313375,61.0854,23.8,8.226600000000001,1.64,0.6,22.02,663.8999999999999,13.737728088853167,0,0
945,lankershim,16.0040411868,12.372837042493412,0.2833999999999999,6.441274309846917,84.79639999999999,20.12,12.8466,1.04,0.34,2.229999999999991,35.60000000000002,23.188875057893867,0,1
948,lankershim,18.5537677796,12.00943412500544,-0.2092,6.434434418479552,98.7808,23.19,10.1416,1.3,0.28,0.8940000000000012,33.500000000000085,8.684582510285638,0,1
951,lankershim,17.935358853600004,11.110416621308165,-0.2121999999999999,5.194640994450386,116.4408,19.2,24.7098,2.09,0.28,20.716,539.8999999999999,15.055519197684175,0,0
958,lankershim,19.8140401708,11.075176284203607,-0.284,5.836610002949538,223.7146,23.0,12.0086,0.0,0.34,24.868,992.3000000000002,22.421232688353825,0,1
961,lankershim,25.5984477192,10.193180185249808,-1.873,6.518695640781433,409.075,21.23,15.68,1.21,0.32,7.854000000000008,118.19999999999992,23.317713932684967,0,1
966,lankershim,19.9557219512,8.841806647706452,1.5846,7.175561759989845,150.9188,9.83,8.154200000000001,1.28,0.64,98.068,3002.3,24.498598724283585,0,1
967,lankershim,21.2615397848,11.222343925051325,-1.6001999999999998,7.281405305604805,116.66859999999998,25.99,4.7090000000000005,2.27,0.34,1.8879999999999952,45.60000000000002,15.638133350217462,0,0
976,lankershim,21.2714943276,12.746561501592655,-0.7576,7.06173290867542,115.49700000000004,6.92,16.128800000000002,1.31,0.52,1.7760000000000025,39.30000000000007,10.244945438147155,0,1
981,lankershim,13.6334963644,11.463184619382936,0.0655999999999999,5.893387564006956,98.6618,15.45,6.7726,1.5,0.44,0.302000000000001,6.900000000000048,25.30087396490001,0,0
982,lankershim,18.8683586048,10.466401256527618,-1.0574,8.232238223184828,119.0288,29.29,3.6926,0.0,0.5,112.57600000000002,1869.1,23.6430908101444,0,1
986,lankershim,16.7878591596,9.053150240609147,0.5785999999999999,6.369026456217623,279.012,22.73,11.208799999999998,0.9,0.28,0.8020000000000053,26.000000000000227,26.733148784203618,0,1
999,lankershim,16.191541136799998,9.742518622577505,-0.0086000000000001,5.649884596979276,124.1838,25.76,9.1218,1.02,0.26,1.428000000000003,53.300000000000125,11.592521900337127,0,1
1004,lankershim,23.7601300276,7.774870530012095,0.455,7.005155026034435,119.3852,30.46,3.4486000000000003,0.97,0.74,0.1799999999999997,6.799999999999997,16.499263166182267,1,1
1011,lankershim,23.4665391968,7.989074047509041,-0.047,6.32121799487848,136.2116,30.96,4.4674000000000005,1.23,0.54,76.29,3549.0,22.009684924596264,0,1
1020,lankershim,17.8236770652,9.396044758260564,-0.8598,5.265612544556213,78.34060000000001,23.47,3.9148,1.1,0.44,0.9120000000000004,28.90000000000001,6.844035794584291,0,1
1027,lankershim,8.3449068656,9.774275375512657,-0.3762,4.196103581336634,50.0838,20.23,24.9796,1.96,0.22,16.593999999999998,805.0999999999999,12.70942040440548,0,0
1030,lankershim,13.937723556000002,7.465010726505978,1.9852,5.582739522083094,102.8686,29.89,9.8432,1.8,0.22,49.39199999999999,671.4999999999999,22.742908900775635,0,0
1030,lankershim,19.0849040016,8.596222942413746,1.12,7.276657956810129,107.5342,29.89,4.812200000000001,0.77,0.44,46.32200000000001,1161.4,12.489437873986292,0,1
1041,lankershim,11.1979061048,8.890528301676316,-0.4236,5.584655639539908,61.34839999999999,21.27,14.494000000000002,1.06,0.4,0.3640000000000015,14.100000000000108,4.727397512287673,0,1
1042,lankershim,11.2444060924,10.52898862597142,1.039,5.565516368584285,69.825,16.31,30.09,1.24,0.46,1.231999999999999,40.89999999999996,6.504647192867071,0,1
1042,lankershim,12.596314822800002,13.242339451844067,1.2963999999999998,6.066335934768976,125.7178,16.31,27.345799999999997,1.24,0.2,1.6979999999999946,43.99999999999977,16.39687385730112,0,1
1043,lankershim,18.4836768892,7.712935941636138,-0.5778000000000004,7.616505784632934,89.20179999999999,31.92,3.988,1.06,0.74,1.6120000000000076,25.80000000000041,21.345528344267294,0,1
1045,lankershim,14.20908712,11.099454885209656,0.4525999999999999,4.931706170799517,77.663,22.62,34.1862,1.11,0.42,1.083999999999992,54.19999999999959,17.703848259733633,0,1
1048,lankershim,18.1572224308,13.20254237234603,1.1870000000000005,6.184036476514118,73.2436,22.83,10.851199999999997,1.02,0.54,2.481999999999998,70.0,24.89904272052176,0,1
1057,lankershim,15.195132311600002,9.59792344742622,0.2930000000000001,4.344619120949781,87.73199999999997,22.63,23.9796,1.65,0.34,0.1819999999999993,9.099999999999966,7.115281802011837,0,0
1067,lankershim,18.8142222556,6.759595452094092,0.7948000000000001,5.749961575736744,85.0724,34.15,3.5504,1.14,0.54,21.804,1057.7,25.086224566075938,0,1
1080,lankershim,18.8960404156,12.04489422508632,-1.0048,6.826061176379353,57.50920000000001,22.99,21.144,1.02,0.7,12.176000000000004,355.2000000000001,13.258594125074854,0,1
1082,lankershim,16.426631983200004,7.437013938444467,-0.0478000000000001,6.160429447659622,122.0758,28.02,5.18,1.51,0.28,10.786000000000012,466.80000000000007,8.346385810245618,0,0
1084,lankershim,12.561814832,8.904212041480125,0.2091999999999999,6.214690903046438,84.13199999999999,25.71,11.9668,1.24,0.42,6.529999999999998,321.9,11.491338222437324,0,1
1085,lankershim,10.1784518312,10.003558136265438,1.332,6.561874732117339,41.5448,20.83,18.2204,1.08,0.42,0.1180000000000006,5.900000000000034,3.1959939841199034,0,1
1098,lankershim,23.522721,7.311812842865143,0.2198,6.1370216435223055,92.9714,28.38,3.5918,1.13,0.72,2.3439999999999985,48.10000000000002,11.660428314340669,0,1
1102,lankershim,19.734131101200003,8.2256415182875,0.1753999999999999,5.922353438025964,110.5266,25.08,4.9814,1.02,0.7,1.368000000000002,27.700000000000387,11.69955812633232,0,1
1103,lankershim,14.7391324332,10.375135533496175,0.133,6.42970188473234,89.684,21.91,23.696200000000005,1.38,0.32,75.28399999999999,2429.2,12.322776500829177,0,1
1110,lankershim,19.0831312748,8.918140505481725,1.3082,6.964005324758541,142.72140000000002,18.01,10.408600000000002,1.2,0.32,208.384,3191.2,8.702302160711644,0,1
1117,lankershim,14.226132570000004,13.93475761753819,-0.7184,6.36174708387434,60.1392,22.31,30.558000000000003,1.34,0.36,0.3499999999999986,13.499999999999943,23.64130185666515,0,1
1131,lankershim,14.9540414668,9.594596067586538,1.0128,6.987306870756605,121.79699999999998,24.66,46.063,1.25,0.42,131.508,6023.0,8.312478124961244,0,1
1138,lankershim,20.1673582584,10.972431675454503,0.9448,6.236155029424814,144.57659999999998,18.96,6.7172,0.97,0.38,1.2660000000000005,53.6,15.83425241317321,0,1
1138,lankershim,21.4224488328,11.233389448476483,-2.3022,6.792247768971774,240.4264,25.97,13.26,1.52,0.16,5.557999999999988,91.20000000000005,17.861036585877113,0,0
1153,lankershim,15.6260412876,14.109034280822897,1.5055999999999998,5.155304444779896,63.1914,18.44,12.913999999999998,0.6,0.44,1.1780000000000066,54.10000000000025,19.093155840419115,0,1
1153,lankershim,16.005813913600004,13.7378421136497,0.0875999999999998,4.566610210684346,65.58420000000001,14.32,19.912,0.6,0.5,1.4900000000000098,54.10000000000025,20.66249649519335,0,1
1154,lankershim,20.265267323200003,12.9210652436789,-1.2220000000000002,7.309635240348097,168.2296,5.88,19.1548,0.11,0.3,46.40599999999999,2242.5,6.953976750972153,0,1
1155,lankershim,11.159451569599998,9.08203753931184,0.5172,5.941205484768634,54.3096,17.65,21.4714,1.47,0.44,1.5020000000000011,73.2,8.378796085868865,0,1
1155,lankershim,15.5273140412,9.540291012674222,0.4386,7.357728689574505,96.1704,17.89,15.5864,1.47,0.48,0.6200000000000003,20.900000000000038,19.62631203300138,0,1
1158,lankershim,17.692631645600002,9.726964001380509,1.3756,6.3103883123831,94.6678,24.61,8.4374,1.54,0.5,1.06,38.49999999999994,18.722945686400905,0,0
1174,lankershim,19.5869947768,8.37928111999405,1.4477999999999998,6.478101980156388,116.6622,21.47,5.2808,0.7,0.66,1.0220000000000056,19.200000000000017,22.95062648365497,0,1
1176,lankershim,9.1617248296,10.909377685315857,-1.2172,4.2177787170645225,58.4112,21.85,70.06779999999999,1.4,0.3,0.2880000000000002,12.700000000000031,21.69471524498112,0,1
1177,lankershim,16.1144957028,8.918187866446088,1.0968,4.623797555768926,170.43359999999996,23.38,26.5346,0.78,0.28,5.8580000000000165,84.00000000000006,16.167881848887685,0,1
1181,lankershim,15.1396323264,7.886860241721273,-0.6254,5.5286877839361575,105.8974,21.88,13.9244,1.14,0.32,1.1079999999999992,15.799999999999985,14.224691265097704,0,1
1181,lankershim,16.098404797999997,9.561022048110718,-0.0623999999999998,6.974778047818191,87.09620000000001,22.28,4.5038,1.42,0.32,1.8139999999999992,35.2,21.468566123958432,0,1
1185,lankershim,21.4857215432,12.897374761168562,-0.0339999999999999,6.50333070080875,93.1442,23.23,5.0958000000000006,1.25,0.56,8.232000000000001,284.5,17.468958701499464,0,1
1190,lankershim,14.436814332,8.505373798585799,0.0204,5.483209234581887,91.52,22.71,9.3158,0.96,0.32,32.728,1335.6,13.127449604254624,0,1
1190,lankershim,13.9453599176,10.29572063864514,0.0056,5.109994272931012,63.3376,27.81,11.296199999999995,1.19,0.34,51.088,1335.6,20.17203218526248,0,1
1199,lankershim,20.762585372400004,8.708304959029894,0.3278,6.652456133808392,159.56300000000002,20.57,5.5368,0.0,0.78,1.344000000000005,30.600000000000023,22.86780431069509,0,1
1206,lankershim,17.6719043784,8.886861548537704,0.2682,5.384580665082055,96.2846,18.3,18.8104,1.27,0.6,31.154000000000007,1219.3000000000002,12.722572098824823,0,1
1207,lankershim,15.7633594328,9.896733487008785,-0.4596000000000002,6.308265701701641,65.0238,22.8,7.250599999999999,1.12,0.48,12.141999999999998,460.3,14.851951463284385,0,1
1210,lankershim,18.074313362,9.555909717803363,-0.0623999999999999,6.265714142401144,114.0212,21.33,5.2982000000000005,1.34,0.48,2.568000000000004,51.89999999999998,12.885295764901151,0,1
1211,lankershim,20.6496763116,9.213679556615132,-1.0502,7.361727972065653,109.0838,23.05,6.1812000000000005,1.13,0.56,1.2380000000000024,40.900000000000034,7.203654697046891,0,1
1223,lankershim,14.190132579600002,11.573962945409146,1.7665999999999995,5.584868993402566,66.4788,23.59,16.996,1.51,0.4,0.2840000000000025,6.600000000000001,16.140922336251357,0,0
1226,lankershim,11.4786787572,10.303865456446106,-0.2452,5.645787391082498,51.3194,20.19,27.9214,1.5,0.48,14.896,729.3000000000001,5.782622722521365,0,0
1234,lankershim,12.2157240152,7.53961197002033,-1.1718000000000002,5.46043568942693,124.8664,25.12,11.957,1.46,0.3,13.954,667.4000000000001,17.811187514111943,0,1
1322,lankershim,16.7596318944,10.04327269175378,0.8689999999999998,5.498113312764662,58.058,22.75,21.4146,0.89,0.64,48.854,2393.7,12.71806599910344,0,1
1325,lankershim,13.7339963376,8.958262650452394,-0.0887999999999999,7.368120420474426,75.9044,10.48,8.338,0.87,0.6,147.64600000000002,3734.5,9.67580943902928,0,1
1343,lankershim,14.5105870396,9.830118857461338,-0.0769999999999998,5.905227794600513,61.0992,21.78,8.2968,0.82,0.42,0.8219999999999998,37.5,12.11703628585196,0,1
1343,lankershim,5.6581348548,8.016334002399274,0.5648000000000001,4.124925844726156,38.65,21.78,32.2186,1.58,0.24,1.2739999999999996,60.59999999999999,10.45775124477299,0,0
1350,lankershim,10.512679014800002,10.062891067349886,0.3392000000000001,5.602759101640942,58.10339999999999,20.41,33.846599999999995,1.22,0.36,30.91,803.9,7.095900602805677,0,1
1364,lankershim,13.531360028,13.520243622008769,-0.4219999999999999,4.913745817518818,62.56119999999999,21.18,16.1298,1.34,0.4,2.657999999999999,65.90000000000003,21.391680217909624,0,1
1374,lankershim,17.090449988,11.698222546105878,0.0596000000000001,6.373967770773331,132.3916,23.51,11.708,1.14,0.3,2.795999999999999,86.89999999999998,10.885530038485747,0,1
1387,lankershim,20.392494562,10.480311672116503,3.249,6.06551888858283,66.1372,19.1,5.854400000000001,1.14,0.68,0.390000000000002,11.900000000000048,21.282616949385847,0,1
1392,lankershim,17.4584953444,12.933224061801685,-0.9366,7.006193647664288,71.855,20.35,21.619200000000006,1.44,0.56,0.0759999999999991,2.999999999999972,16.31166075906361,0,1
1393,lankershim,16.521541048800003,11.329855331830744,-1.3330000000000002,5.915325391708889,96.9584,21.4,10.3818,1.46,0.28,1.2479999999999976,40.29999999999987,10.593477864271788,0,1
1395,lankershim,22.9767211456,9.642615473683527,-0.3385999999999999,7.315407840821386,209.3136,18.46,7.252000000000001,0.88,0.54,1.179999999999994,21.000000000000085,14.253837300294448,0,1
1423,lankershim,23.7001300436,7.1666742308658185,-0.0317999999999999,4.30903544773026,110.95080000000002,30.23,4.1492,1.18,0.76,0.2459999999999993,12.299999999999969,7.05966898871357,1,1
1425,lankershim,18.3650405572,9.006501531934054,-0.0339999999999999,5.281692678585191,53.2648,21.77,5.980599999999999,0.82,0.72,0.1859999999999985,5.999999999999943,23.51310761895178,0,1
1426,lankershim,22.6532666864,6.894881836151871,-0.1005999999999998,5.085387794495928,115.47760000000002,23.88,3.7268,1.78,0.54,1.8300000000000007,46.599999999999966,33.712863193815174,0,0
1427,lankershim,26.1740384748,5.8174174851387805,-0.9032,5.890565074588276,102.8908,42.47,2.6064000000000003,1.07,0.76,0.6019999999999982,30.09999999999991,25.8154239419865,0,1
1429,lankershim,21.025903484,11.76211731178015,0.0166,5.871390549060064,101.9718,23.97,4.1418,1.13,0.44,38.45,1260.6999999999998,6.675574413868969,0,1
1429,lankershim,19.8057219912,11.215150442058842,-0.7092000000000002,4.790761449425981,80.1744,48.25,4.0942,1.13,0.54,25.446,1260.6999999999998,6.58177935252361,0,1
1430,lankershim,21.581857881200005,10.315799575524242,-0.2193999999999998,6.372617893481966,80.50720000000001,21.49,7.119400000000001,1.5,0.74,13.351999999999991,575.9,8.694017648301596,0,0
1430,lankershim,24.723947952400007,8.07934276094041,0.4309999999999999,6.09490159971464,73.8442,38.42,2.1982000000000004,1.28,0.84,12.645999999999995,575.9,7.813032177962508,0,1
1431,lankershim,15.4546322424,8.42451777058839,0.317,4.227254259141337,79.183,27.46,4.049600000000001,1.76,0.52,0.5059999999999973,8.999999999999986,14.949584964561828,0,0
1432,lankershim,8.118543289600002,11.4373423254314,-0.6485999999999998,5.690679458015322,48.123000000000005,21.41,51.4962,1.17,0.16,7.126,341.1,21.67445379999605,0,1
1480,lankershim,17.6916771004,10.24399141775294,1.8406,7.063768263585141,66.6308,21.45,14.8764,1.13,0.68,12.172000000000002,437.4,6.7544849260264375,0,1
1564,lankershim,10.138906387200002,11.78400011109328,-0.499,4.376296192826411,44.5096,2.11,45.72380000000001,1.16,0.44,11.536,576.0,20.58927367741936,0,1
1575,lankershim,18.2423133172,7.7903202849813615,0.006,4.54101714758862,83.2758,2.1,5.2502,0.08,0.64,24.120000000000005,830.5000000000001,42.91616430991845,0,1
1576,lankershim,13.4087691516,10.128064373668204,-0.0259999999999999,4.107002978984523,70.36019999999999,21.31,22.2616,1.55,0.26,0.2220000000000013,8.999999999999986,7.71644631449541,0,0
1595,lankershim,30.3714464464,8.66561236020797,0.1480000000000001,6.608768139867718,85.0486,33.21,1.8328,0.89,0.94,1.2259999999999962,25.999999999999943,13.829806473316529,0,1
1596,lankershim,22.11899410160001,9.77871151358962,0.0491999999999998,5.775635609513255,88.7384,22.61,4.0992,1.63,0.56,0.0260000000000005,1.3000000000000256,5.444503131281183,0,0
1600,lankershim,17.6274498448,7.609991004748682,0.0077999999999999,4.809634162336072,45.9718,26.14,2.0780000000000003,1.09,0.88,0.288000000000001,10.600000000000025,20.610443872513777,1,1
